User,Presence Time
1,42.664531230926514
2,22.606302499771118
3,32.628830432891846
4,32.696080923080444
5,42.68692708015442
6,22.611236095428467
7,42.69172406196594
8,42.66724896430969
9,24.348800659179688
